Employee_ID,Employee_Name,Department,Location,Joining_Date
1,Rajesh Raj,IT,Delhi,2021-01-31
2,Meena Sundaram,HR,Delhi,2019-02-24
3,Nithya Sharma,IT,Mumbai,2022-09-25
4,Divya Kumar,IT,Bangalore,2020-08-10
5,Naveen Babu,IT,Mumbai,2020-03-25
6,Sathish Sharma,Sales,Bangalore,2023-01-14
7,Manoj Menon,Customer Support,Pune,2018-01-27
8,Ganesh Iyer,Operations,Coimbatore,2021-10-25
9,Ramesh Iyer,HR,Pune,2021-10-10
10,Priya Raj,Sales,Chennai,2022-01-10
11,Shalini Nair,Marketing,Hyderabad,2018-06-27
12,Pooja Reddy,Marketing,Chennai,2022-03-31
13,Karthik Sharma,Finance,Pune,2025-01-18
14,Swathi Nair,Marketing,Bangalore,2025-11-25
15,Karthik Kumar,Operations,Bangalore,2021-03-31
16,Karthik Sundaram,Customer Support,Chennai,2022-04-06
17,Ramesh Reddy,Operations,Pune,2022-02-03
18,Kavitha Nair,Finance,Bangalore,2025-07-08
19,Ramesh Raj,Marketing,Delhi,2019-12-02
20,Deepa Sundaram,HR,Coimbatore,2022-04-04
21,Ramesh Sharma,HR,Delhi,2021-08-21
22,Vijay Kumar,HR,Pune,2018-05-12
23,Bhavani Nair,Sales,Hyderabad,2018-09-29
24,Vignesh Babu,Operations,Hyderabad,2020-05-20
25,Rajesh Reddy,Sales,Delhi,2023-02-23
26,Suresh Menon,HR,Bangalore,2026-05-10
27,Deepa Sharma,Finance,Delhi,2024-07-22
28,Anitha Babu,Sales,Hyderabad,2020-06-17
29,Suresh Sharma,Sales,Chennai,2018-07-12
30,Shalini Raj,HR,Delhi,2019-10-18
31,Bhavani Pillai,Marketing,Chennai,2022-04-26
32,Prakash Babu,Sales,Mumbai,2020-10-26
33,Deepa Kumar,Operations,Delhi,2019-04-15
34,Nithya Sharma,Customer Support,Hyderabad,2025-03-10
35,Balaji Raj,Finance,Coimbatore,2019-10-10
36,Senthil Kumar,Operations,Delhi,2020-12-14
37,Naveen Iyer,Marketing,Chennai,2025-01-05
38,Sangeetha Sharma,Marketing,Bangalore,2019-09-19
39,Lakshmi Iyer,Marketing,Pune,2023-12-13
40,Mohan Kumar,Marketing,Hyderabad,2023-06-25
41,Arun Raj,Finance,Pune,2021-06-13
42,Meena Kumar,HR,Mumbai,2018-11-19
43,Karthik Reddy,Customer Support,Chennai,2023-12-22
44,Ganesh Iyer,HR,Delhi,2023-05-01
45,Deepa Iyer,Finance,Mumbai,2024-10-20
46,Anitha Sundaram,Marketing,Pune,2026-03-09
47,Sathish Sundaram,Operations,Hyderabad,2022-06-23
48,Nithya Nair,Sales,Mumbai,2023-01-24
49,Priya Sundaram,HR,Chennai,2021-10-16
50,Arun Babu,Marketing,Bangalore,2024-08-07
51,Meena Kumar,IT,Delhi,2025-01-28
52,Divya Sundaram,IT,Chennai,2021-09-15
53,Karthik Sharma,HR,Hyderabad,2025-07-03
54,Revathi Sundaram,Marketing,Bangalore,2026-02-10
55,Mohan Babu,Marketing,Coimbatore,2020-09-22
56,Bhavani Reddy,Customer Support,Coimbatore,2020-02-19
57,Priya Raj,Operations,Coimbatore,2021-12-22
58,Anitha Pillai,Sales,Pune,2026-03-06
59,Divya Raj,IT,Coimbatore,2026-03-02
60,Balaji Raj,HR,Bangalore,2020-02-19
