Engineer_ID,Engineer_Name,Team,Experience_Years
1,Gayathri Reddy,Network,5.4
2,Preethi Reddy,Network,10.6
3,Deepak Reddy,Helpdesk,1.6
4,Yuvaraj Sharma,Hardware,11.6
5,Kiran Sundaram,Network,5.2
6,Rahul Sundaram,Security,10.9
7,Sneha Pillai,Hardware,11.8
8,Preethi Reddy,Software,5.4
9,Nandhini Sharma,Security,2.3
10,Preethi Sundaram,Hardware,7.2
11,Gayathri Kumar,Software,1.2
12,Santosh Reddy,Helpdesk,11.1
13,Gayathri Iyer,Hardware,11.5
14,Deepak Iyer,Hardware,7.3
15,Yuvaraj Sundaram,Security,1.9
