History_ID,Ticket_ID,Status,Updated_Date,Updated_By
1,1,Open,2025-01-31 22:50:17,Deepak Iyer
2,1,In Progress,2025-02-01 17:50:17,Rahul Sundaram
3,1,Resolved,2025-02-02 04:50:17,Yuvaraj Sundaram
4,2,Open,2025-07-23 06:01:29,Yuvaraj Sharma
5,2,In Progress,2025-07-23 08:01:29,Deepak Iyer
6,3,Open,2026-06-06 21:12:47,Preethi Sundaram
7,3,In Progress,2026-06-07 00:12:47,Kiran Sundaram
8,3,Resolved,2026-06-07 02:12:47,Sneha Pillai
9,4,Open,2026-03-14 21:57:43,Deepak Iyer
10,4,In Progress,2026-03-15 14:57:43,Kiran Sundaram
11,4,Resolved,2026-03-16 02:57:43,Gayathri Kumar
12,4,Reopened,2026-03-16 12:57:43,Santosh Reddy
13,5,Open,2025-09-29 15:59:46,Preethi Sundaram
14,5,In Progress,2025-09-30 11:59:46,Gayathri Reddy
15,5,Resolved,2025-09-30 22:59:46,Preethi Reddy
16,5,Closed,2025-10-01 09:59:46,Deepak Reddy
17,6,Open,2026-02-27 16:19:00,Santosh Reddy
18,6,In Progress,2026-02-28 02:19:00,Preethi Reddy
19,6,Resolved,2026-02-28 22:19:00,Yuvaraj Sharma
20,6,Closed,2026-03-01 09:19:00,Preethi Reddy
21,7,Open,2025-08-22 07:49:27,Yuvaraj Sharma
22,7,In Progress,2025-08-22 19:49:27,Nandhini Sharma
23,7,Resolved,2025-08-23 08:49:27,Yuvaraj Sharma
24,7,Closed,2025-08-24 04:49:27,Preethi Reddy
25,8,Open,2026-08-01 01:39:00,Santosh Reddy
26,8,In Progress,2026-08-01 12:39:00,Yuvaraj Sharma
27,8,Resolved,2026-08-02 05:39:00,Preethi Reddy
28,9,Open,2025-06-08 17:19:44,Gayathri Kumar
29,9,In Progress,2025-06-08 18:19:44,Gayathri Kumar
30,9,Resolved,2025-06-09 04:19:44,Kiran Sundaram
31,10,Open,2025-03-13 23:34:05,Preethi Sundaram
32,10,In Progress,2025-03-14 15:34:05,Rahul Sundaram
33,10,Resolved,2025-03-14 23:34:05,Yuvaraj Sharma
34,11,Open,2026-05-11 01:39:14,Preethi Reddy
35,11,In Progress,2026-05-11 11:39:14,Deepak Reddy
36,11,Resolved,2026-05-12 04:39:14,Gayathri Reddy
37,11,Reopened,2026-05-12 15:39:14,Yuvaraj Sharma
38,12,Open,2026-03-13 12:03:42,Santosh Reddy
39,13,Open,2025-01-29 04:36:47,Kiran Sundaram
40,13,In Progress,2025-01-29 10:36:47,Kiran Sundaram
41,13,Resolved,2025-01-30 01:36:47,Gayathri Reddy
42,13,Closed,2025-01-30 15:36:47,Gayathri Kumar
43,14,Open,2025-08-28 18:21:07,Deepak Iyer
44,14,In Progress,2025-08-29 14:21:07,Nandhini Sharma
45,14,Resolved,2025-08-30 05:21:07,Sneha Pillai
46,15,Open,2026-06-15 12:38:40,Sneha Pillai
47,15,In Progress,2026-06-15 22:38:40,Yuvaraj Sundaram
48,16,Open,2026-04-28 08:58:08,Gayathri Kumar
49,16,In Progress,2026-04-29 03:58:08,Deepak Iyer
50,16,Resolved,2026-04-29 18:58:08,Nandhini Sharma
51,16,Closed,2026-04-30 07:58:08,Gayathri Iyer
52,17,Open,2025-11-17 11:43:29,Rahul Sundaram
53,18,Open,2026-06-06 03:58:26,Yuvaraj Sharma
54,18,In Progress,2026-06-06 12:58:26,Gayathri Reddy
55,18,Resolved,2026-06-07 04:58:26,Gayathri Kumar
56,18,Closed,2026-06-07 22:58:26,Deepak Reddy
57,19,Open,2025-10-25 20:05:40,Deepak Reddy
58,19,In Progress,2025-10-26 06:05:40,Preethi Reddy
59,19,Resolved,2025-10-26 12:05:40,Preethi Reddy
60,19,Closed,2025-10-27 03:05:40,Yuvaraj Sharma
61,20,Open,2025-09-30 04:06:19,Preethi Reddy
62,20,In Progress,2025-09-30 12:06:19,Deepak Iyer
63,20,Resolved,2025-10-01 00:06:19,System
64,21,Open,2025-11-07 01:56:39,Gayathri Reddy
65,21,In Progress,2025-11-07 14:56:39,Gayathri Kumar
66,21,Resolved,2025-11-07 22:56:39,Santosh Reddy
67,22,Open,2025-11-07 13:32:42,Gayathri Kumar
68,22,In Progress,2025-11-07 21:32:42,System
69,22,Resolved,2025-11-08 08:32:42,Deepak Reddy
70,23,Open,2025-07-23 08:24:15,Yuvaraj Sharma
71,23,In Progress,2025-07-23 13:24:15,Gayathri Reddy
72,24,Open,2026-07-21 07:03:51,Yuvaraj Sundaram
73,24,In Progress,2026-07-21 12:03:51,Yuvaraj Sundaram
74,24,Resolved,2026-07-22 03:03:51,System
75,24,Closed,2026-07-22 06:03:51,System
76,25,Open,2025-05-29 00:19:30,Rahul Sundaram
77,25,In Progress,2025-05-29 05:19:30,Gayathri Iyer
78,25,Resolved,2025-05-29 09:19:30,Nandhini Sharma
79,26,Open,2026-06-18 19:56:42,Nandhini Sharma
80,26,In Progress,2026-06-18 23:56:42,Gayathri Reddy
81,26,Resolved,2026-06-19 07:56:42,Gayathri Iyer
82,26,Closed,2026-06-20 03:56:42,Deepak Iyer
83,27,Open,2025-02-24 11:24:22,Deepak Reddy
84,27,In Progress,2025-02-25 03:24:22,System
85,27,Resolved,2025-02-25 20:24:22,Sneha Pillai
86,27,Closed,2025-02-26 01:24:22,Nandhini Sharma
87,28,Open,2026-07-14 15:11:30,System
88,28,In Progress,2026-07-15 11:11:30,Gayathri Kumar
89,28,Resolved,2026-07-15 19:11:30,Gayathri Iyer
90,28,Closed,2026-07-16 01:11:30,Preethi Reddy
91,29,Open,2026-06-27 05:54:24,Gayathri Kumar
92,29,In Progress,2026-06-27 08:54:24,System
93,29,Resolved,2026-06-27 21:54:24,Yuvaraj Sundaram
94,30,Open,2026-06-11 04:07:17,Santosh Reddy
95,30,In Progress,2026-06-11 16:07:17,Preethi Reddy
96,30,Resolved,2026-06-11 17:07:17,Gayathri Kumar
97,30,Closed,2026-06-11 20:07:17,Gayathri Kumar
98,31,Open,2025-01-01 15:34:02,Deepak Reddy
99,31,In Progress,2025-01-02 10:34:02,Preethi Sundaram
100,31,Resolved,2025-01-02 15:34:02,Gayathri Reddy
101,32,Open,2025-12-28 16:00:29,Preethi Sundaram
102,32,In Progress,2025-12-28 22:00:29,Deepak Iyer
103,32,Resolved,2025-12-29 14:00:29,Kiran Sundaram
104,33,Open,2026-05-27 22:52:05,Preethi Reddy
105,34,Open,2026-08-08 01:13:47,Gayathri Reddy
106,34,In Progress,2026-08-08 11:13:47,Rahul Sundaram
107,35,Open,2025-07-10 06:11:44,Rahul Sundaram
108,35,In Progress,2025-07-10 08:11:44,Preethi Sundaram
109,35,Resolved,2025-07-10 18:11:44,Santosh Reddy
110,35,Reopened,2025-07-11 12:11:44,Yuvaraj Sundaram
111,36,Open,2025-06-01 09:32:07,Gayathri Reddy
112,36,In Progress,2025-06-01 16:32:07,Nandhini Sharma
113,36,Resolved,2025-06-02 04:32:07,Gayathri Reddy
114,36,Closed,2025-06-02 15:32:07,Preethi Reddy
115,37,Open,2026-08-07 10:59:32,Gayathri Kumar
116,37,In Progress,2026-08-08 00:59:32,Santosh Reddy
117,37,Resolved,2026-08-08 15:59:32,Santosh Reddy
118,37,Closed,2026-08-09 02:59:32,Kiran Sundaram
119,38,Open,2025-12-28 11:50:15,Yuvaraj Sundaram
120,39,Open,2026-06-04 00:33:03,Preethi Reddy
121,39,In Progress,2026-06-04 03:33:03,Gayathri Iyer
122,39,Resolved,2026-06-04 06:33:03,Gayathri Iyer
123,40,Open,2026-04-22 16:40:01,Kiran Sundaram
124,40,In Progress,2026-04-23 10:40:01,Nandhini Sharma
125,40,Resolved,2026-04-23 21:40:01,Deepak Reddy
126,40,Closed,2026-04-24 00:40:01,Preethi Sundaram
127,41,Open,2025-12-13 18:25:55,Nandhini Sharma
128,41,In Progress,2025-12-14 09:25:55,Gayathri Iyer
129,41,Resolved,2025-12-14 15:25:55,Deepak Iyer
130,41,Closed,2025-12-15 03:25:55,Deepak Iyer
131,42,Open,2026-05-11 08:52:14,Gayathri Kumar
132,42,In Progress,2026-05-12 04:52:14,Gayathri Iyer
133,42,Resolved,2026-05-12 13:52:14,Gayathri Reddy
134,43,Open,2025-12-08 18:49:10,Santosh Reddy
135,44,Open,2025-03-05 02:04:35,Kiran Sundaram
136,44,In Progress,2025-03-05 03:04:35,Yuvaraj Sharma
137,45,Open,2025-02-20 17:18:45,Deepak Iyer
138,45,In Progress,2025-02-20 19:18:45,Yuvaraj Sharma
139,45,Resolved,2025-02-20 22:18:45,Sneha Pillai
140,46,Open,2025-11-23 20:02:34,Gayathri Kumar
141,46,In Progress,2025-11-24 09:02:34,Gayathri Reddy
142,46,Resolved,2025-11-25 05:02:34,Yuvaraj Sharma
143,47,Open,2025-10-24 01:48:58,Gayathri Kumar
144,47,In Progress,2025-10-24 13:48:58,Deepak Iyer
145,47,Resolved,2025-10-24 16:48:58,Yuvaraj Sharma
146,48,Open,2026-02-23 18:09:30,Gayathri Kumar
147,48,In Progress,2026-02-24 07:09:30,Preethi Sundaram
148,48,Resolved,2026-02-24 16:09:30,Sneha Pillai
149,48,Closed,2026-02-24 20:09:30,System
150,49,Open,2025-06-20 16:18:56,Yuvaraj Sundaram
151,49,In Progress,2025-06-21 09:18:56,Santosh Reddy
152,49,Resolved,2025-06-22 03:18:56,Deepak Reddy
153,50,Open,2026-07-17 20:43:09,Preethi Reddy
154,50,In Progress,2026-07-18 11:43:09,Rahul Sundaram
155,51,Open,2025-01-22 18:41:27,Nandhini Sharma
156,51,In Progress,2025-01-23 10:41:27,Rahul Sundaram
157,51,Resolved,2025-01-23 14:41:27,Yuvaraj Sharma
158,51,Closed,2025-01-23 17:41:27,Deepak Iyer
159,52,Open,2025-04-16 15:37:18,Deepak Iyer
160,52,In Progress,2025-04-16 18:37:18,Preethi Sundaram
161,52,Resolved,2025-04-17 06:37:18,Preethi Reddy
162,52,Closed,2025-04-18 00:37:18,Nandhini Sharma
163,53,Open,2025-12-20 14:12:35,Kiran Sundaram
164,53,In Progress,2025-12-20 20:12:35,Gayathri Kumar
165,53,Resolved,2025-12-21 13:12:35,Sneha Pillai
166,54,Open,2025-07-16 02:40:55,Rahul Sundaram
167,54,In Progress,2025-07-16 07:40:55,Sneha Pillai
168,54,Resolved,2025-07-16 23:40:55,System
169,54,Closed,2025-07-17 11:40:55,Gayathri Kumar
170,55,Open,2025-06-24 18:48:14,Yuvaraj Sharma
171,55,In Progress,2025-06-25 14:48:14,Preethi Reddy
172,55,Resolved,2025-06-25 17:48:14,Nandhini Sharma
173,56,Open,2025-06-05 09:21:08,Yuvaraj Sundaram
174,56,In Progress,2025-06-06 02:21:08,Gayathri Iyer
175,56,Resolved,2025-06-06 16:21:08,Preethi Reddy
176,56,Closed,2025-06-06 21:21:08,Preethi Sundaram
177,57,Open,2026-03-15 04:09:17,Deepak Iyer
178,57,In Progress,2026-03-15 19:09:17,Gayathri Kumar
179,57,Resolved,2026-03-16 00:09:17,Kiran Sundaram
180,57,Closed,2026-03-16 05:09:17,Gayathri Iyer
181,58,Open,2026-04-17 07:39:30,Gayathri Reddy
182,58,In Progress,2026-04-17 11:39:30,Yuvaraj Sharma
183,58,Resolved,2026-04-17 21:39:30,Kiran Sundaram
184,59,Open,2025-08-30 20:11:08,Preethi Sundaram
185,59,In Progress,2025-08-31 04:11:08,Gayathri Kumar
186,60,Open,2025-11-05 19:10:28,Nandhini Sharma
187,60,In Progress,2025-11-05 22:10:28,Preethi Reddy
188,60,Resolved,2025-11-06 05:10:28,Preethi Reddy
189,60,Closed,2025-11-06 10:10:28,Nandhini Sharma
190,61,Open,2025-03-21 23:34:40,Preethi Reddy
191,61,In Progress,2025-03-22 16:34:40,Kiran Sundaram
192,61,Resolved,2025-03-23 11:34:40,Yuvaraj Sharma
193,62,Open,2026-03-16 19:44:50,Preethi Sundaram
194,62,In Progress,2026-03-17 14:44:50,Gayathri Reddy
195,62,Resolved,2026-03-17 15:44:50,Preethi Reddy
196,62,Closed,2026-03-17 17:44:50,Preethi Reddy
197,63,Open,2026-01-29 06:47:33,Gayathri Iyer
198,63,In Progress,2026-01-30 02:47:33,System
199,63,Resolved,2026-01-30 18:47:33,Nandhini Sharma
200,64,Open,2025-12-04 03:27:42,Yuvaraj Sundaram
201,64,In Progress,2025-12-04 11:27:42,Santosh Reddy
202,64,Resolved,2025-12-04 21:27:42,Deepak Iyer
203,64,Reopened,2025-12-05 00:27:42,Gayathri Reddy
204,65,Open,2025-05-18 01:25:51,Deepak Iyer
205,65,In Progress,2025-05-18 15:25:51,Yuvaraj Sundaram
206,65,Resolved,2025-05-19 06:25:51,Rahul Sundaram
207,65,Closed,2025-05-19 17:25:51,Yuvaraj Sharma
208,66,Open,2026-08-26 03:21:47,Preethi Sundaram
209,66,In Progress,2026-08-26 15:21:47,Santosh Reddy
210,66,Resolved,2026-08-26 20:21:47,Gayathri Kumar
211,67,Open,2025-07-11 09:21:41,Deepak Reddy
212,67,In Progress,2025-07-11 20:21:41,Sneha Pillai
213,67,Resolved,2025-07-12 11:21:41,Deepak Reddy
214,67,Closed,2025-07-12 20:21:41,Deepak Iyer
215,68,Open,2026-03-19 22:46:02,Yuvaraj Sharma
216,68,In Progress,2026-03-20 02:46:02,Gayathri Reddy
217,68,Resolved,2026-03-20 12:46:02,Santosh Reddy
218,69,Open,2025-05-23 01:44:26,Gayathri Iyer
219,69,In Progress,2025-05-23 09:44:26,Kiran Sundaram
220,69,Resolved,2025-05-23 20:44:26,Preethi Sundaram
221,70,Open,2026-06-29 22:00:44,Kiran Sundaram
222,70,In Progress,2026-06-30 14:00:44,Deepak Iyer
223,70,Resolved,2026-07-01 06:00:44,Nandhini Sharma
224,70,Closed,2026-07-01 22:00:44,System
225,71,Open,2025-07-07 14:12:10,Santosh Reddy
226,71,In Progress,2025-07-08 07:12:10,Deepak Iyer
227,71,Resolved,2025-07-08 15:12:10,Rahul Sundaram
228,71,Closed,2025-07-09 10:12:10,Gayathri Kumar
229,72,Open,2025-12-15 04:34:44,Gayathri Reddy
230,72,In Progress,2025-12-15 14:34:44,Yuvaraj Sundaram
231,72,Resolved,2025-12-16 10:34:44,Yuvaraj Sundaram
232,72,Closed,2025-12-16 20:34:44,System
233,73,Open,2025-08-27 00:05:38,Gayathri Iyer
234,73,In Progress,2025-08-27 05:05:38,Preethi Reddy
235,73,Resolved,2025-08-27 17:05:38,Santosh Reddy
236,74,Open,2026-08-03 21:14:39,Gayathri Reddy
237,74,In Progress,2026-08-04 10:14:39,Gayathri Reddy
238,74,Resolved,2026-08-05 05:14:39,Rahul Sundaram
239,75,Open,2025-06-29 13:32:26,Nandhini Sharma
240,75,In Progress,2025-06-29 16:32:26,Santosh Reddy
241,76,Open,2025-05-30 11:34:57,Deepak Iyer
242,76,In Progress,2025-05-31 05:34:57,Preethi Reddy
243,77,Open,2026-04-10 08:59:08,Deepak Reddy
244,77,In Progress,2026-04-10 13:59:08,Deepak Reddy
245,77,Resolved,2026-04-11 02:59:08,Gayathri Kumar
246,78,Open,2025-05-20 20:01:58,Gayathri Kumar
247,78,In Progress,2025-05-21 01:01:58,Rahul Sundaram
248,78,Resolved,2025-05-21 21:01:58,Santosh Reddy
249,79,Open,2026-03-07 12:21:31,Gayathri Reddy
250,79,In Progress,2026-03-07 14:21:31,Gayathri Reddy
251,79,Resolved,2026-03-07 19:21:31,Preethi Sundaram
252,80,Open,2026-03-23 13:19:57,Deepak Iyer
253,80,In Progress,2026-03-23 18:19:57,Yuvaraj Sharma
254,80,Resolved,2026-03-24 05:19:57,Preethi Sundaram
255,81,Open,2025-07-16 08:32:17,Santosh Reddy
256,81,In Progress,2025-07-17 04:32:17,Nandhini Sharma
257,81,Resolved,2025-07-17 23:32:17,Preethi Sundaram
258,81,Closed,2025-07-18 16:32:17,Yuvaraj Sundaram
259,82,Open,2026-03-25 23:27:14,Nandhini Sharma
260,82,In Progress,2026-03-26 15:27:14,System
261,82,Resolved,2026-03-27 03:27:14,Preethi Sundaram
262,83,Open,2025-03-08 07:53:13,Gayathri Iyer
263,83,In Progress,2025-03-09 02:53:13,Nandhini Sharma
264,83,Resolved,2025-03-09 03:53:13,Yuvaraj Sundaram
265,83,Reopened,2025-03-09 12:53:13,Sneha Pillai
266,84,Open,2025-06-25 09:06:47,Yuvaraj Sundaram
267,84,In Progress,2025-06-25 15:06:47,Santosh Reddy
268,84,Resolved,2025-06-25 20:06:47,Sneha Pillai
269,84,Closed,2025-06-25 22:06:47,Deepak Reddy
270,85,Open,2025-11-30 08:58:03,System
271,85,In Progress,2025-11-30 23:58:03,Preethi Sundaram
272,85,Resolved,2025-12-01 13:58:03,Yuvaraj Sharma
273,86,Open,2026-08-17 00:27:00,Rahul Sundaram
274,86,In Progress,2026-08-17 14:27:00,Yuvaraj Sundaram
275,87,Open,2025-05-16 02:07:09,Yuvaraj Sharma
276,87,In Progress,2025-05-16 19:07:09,Rahul Sundaram
277,87,Resolved,2025-05-17 13:07:09,Preethi Sundaram
278,88,Open,2026-01-01 15:48:12,Santosh Reddy
279,88,In Progress,2026-01-02 02:48:12,Kiran Sundaram
280,88,Resolved,2026-01-02 17:48:12,Preethi Sundaram
281,89,Open,2025-02-26 00:53:12,Gayathri Kumar
282,89,In Progress,2025-02-26 09:53:12,Yuvaraj Sundaram
283,89,Resolved,2025-02-26 16:53:12,Sneha Pillai
284,90,Open,2025-11-27 14:09:53,Nandhini Sharma
285,90,In Progress,2025-11-27 22:09:53,Nandhini Sharma
286,91,Open,2025-02-25 21:10:33,Rahul Sundaram
287,92,Open,2025-08-13 20:05:28,Preethi Sundaram
288,92,In Progress,2025-08-14 12:05:28,Gayathri Kumar
289,92,Resolved,2025-08-15 06:05:28,Preethi Reddy
290,93,Open,2026-01-25 03:28:39,Deepak Reddy
291,93,In Progress,2026-01-25 22:28:39,Santosh Reddy
292,93,Resolved,2026-01-26 11:28:39,Gayathri Kumar
293,94,Open,2026-07-25 17:42:17,Nandhini Sharma
294,94,In Progress,2026-07-25 19:42:17,Nandhini Sharma
295,94,Resolved,2026-07-25 22:42:17,Gayathri Kumar
296,95,Open,2026-04-02 15:45:52,Preethi Reddy
297,95,In Progress,2026-04-03 07:45:52,Rahul Sundaram
298,95,Resolved,2026-04-03 14:45:52,Preethi Reddy
299,95,Reopened,2026-04-04 08:45:52,Preethi Reddy
300,96,Open,2026-01-01 15:46:15,Deepak Reddy
301,96,In Progress,2026-01-02 11:46:15,Sneha Pillai
302,96,Resolved,2026-01-02 19:46:15,Gayathri Reddy
303,97,Open,2025-12-06 06:29:06,Sneha Pillai
304,97,In Progress,2025-12-06 14:29:06,Gayathri Reddy
305,97,Resolved,2025-12-06 18:29:06,Gayathri Iyer
306,98,Open,2025-09-07 19:57:34,Yuvaraj Sundaram
307,98,In Progress,2025-09-07 23:57:34,Yuvaraj Sharma
308,98,Resolved,2025-09-08 00:57:34,Kiran Sundaram
309,99,Open,2025-08-13 10:46:08,Yuvaraj Sundaram
310,99,In Progress,2025-08-14 02:46:08,Rahul Sundaram
311,99,Resolved,2025-08-14 12:46:08,Preethi Sundaram
312,100,Open,2025-09-02 17:01:29,Gayathri Reddy
313,100,In Progress,2025-09-02 20:01:29,Sneha Pillai
314,100,Resolved,2025-09-03 14:01:29,Gayathri Reddy
315,101,Open,2026-05-27 01:40:41,Gayathri Iyer
316,101,In Progress,2026-05-27 07:40:41,Gayathri Reddy
317,101,Resolved,2026-05-27 20:40:41,Yuvaraj Sundaram
318,101,Closed,2026-05-28 02:40:41,Nandhini Sharma
319,102,Open,2026-04-29 16:44:11,System
320,102,In Progress,2026-04-30 02:44:11,Deepak Reddy
321,102,Resolved,2026-04-30 13:44:11,Nandhini Sharma
322,102,Closed,2026-05-01 04:44:11,Yuvaraj Sundaram
323,103,Open,2025-04-12 23:15:48,Deepak Iyer
324,103,In Progress,2025-04-13 08:15:48,Rahul Sundaram
325,103,Resolved,2025-04-13 12:15:48,Preethi Sundaram
326,103,Closed,2025-04-13 18:15:48,Deepak Iyer
327,104,Open,2026-05-05 17:27:59,Kiran Sundaram
328,104,In Progress,2026-05-05 18:27:59,Preethi Sundaram
329,104,Resolved,2026-05-06 04:27:59,Rahul Sundaram
330,105,Open,2026-03-06 04:42:44,Santosh Reddy
331,105,In Progress,2026-03-06 18:42:44,Preethi Sundaram
332,105,Resolved,2026-03-06 21:42:44,Santosh Reddy
333,106,Open,2026-05-19 06:11:01,Kiran Sundaram
334,106,In Progress,2026-05-19 11:11:01,Yuvaraj Sundaram
335,106,Resolved,2026-05-19 22:11:01,Sneha Pillai
336,106,Closed,2026-05-19 23:11:01,Preethi Reddy
337,107,Open,2025-11-20 06:18:04,Sneha Pillai
338,107,In Progress,2025-11-20 21:18:04,Preethi Reddy
339,107,Resolved,2025-11-21 08:18:04,Nandhini Sharma
340,107,Closed,2025-11-22 03:18:04,System
341,108,Open,2025-05-29 10:14:05,Gayathri Kumar
342,108,In Progress,2025-05-29 18:14:05,Gayathri Reddy
343,108,Resolved,2025-05-29 22:14:05,Deepak Iyer
344,108,Closed,2025-05-30 08:14:05,Kiran Sundaram
345,109,Open,2026-08-24 16:42:30,Nandhini Sharma
346,109,In Progress,2026-08-24 20:42:30,Nandhini Sharma
347,109,Resolved,2026-08-25 08:42:30,Sneha Pillai
348,109,Closed,2026-08-25 16:42:30,Yuvaraj Sharma
349,110,Open,2025-08-09 08:30:02,Yuvaraj Sharma
350,110,In Progress,2025-08-09 23:30:02,Gayathri Kumar
351,110,Resolved,2025-08-10 13:30:02,Yuvaraj Sundaram
352,110,Closed,2025-08-11 07:30:02,Rahul Sundaram
353,111,Open,2025-04-26 18:01:09,Preethi Reddy
354,111,In Progress,2025-04-27 11:01:09,Deepak Iyer
355,111,Resolved,2025-04-28 04:01:09,Gayathri Kumar
356,112,Open,2025-10-21 02:42:18,Deepak Reddy
357,112,In Progress,2025-10-21 04:42:18,Rahul Sundaram
358,112,Resolved,2025-10-21 23:42:18,Yuvaraj Sharma
359,113,Open,2026-03-21 09:04:50,Preethi Sundaram
360,113,In Progress,2026-03-22 02:04:50,Deepak Iyer
361,113,Resolved,2026-03-22 06:04:50,Rahul Sundaram
362,114,Open,2026-07-03 13:24:01,Yuvaraj Sundaram
363,114,In Progress,2026-07-03 16:24:01,Deepak Iyer
364,114,Resolved,2026-07-03 18:24:01,Deepak Iyer
365,114,Closed,2026-07-03 23:24:01,Gayathri Iyer
366,115,Open,2026-01-21 08:35:42,Gayathri Reddy
367,115,In Progress,2026-01-22 02:35:42,Deepak Iyer
368,115,Resolved,2026-01-22 12:35:42,System
369,115,Reopened,2026-01-23 01:35:42,Preethi Reddy
370,116,Open,2025-12-09 00:54:09,Rahul Sundaram
371,117,Open,2026-05-25 09:00:30,Preethi Reddy
372,117,In Progress,2026-05-25 11:00:30,Gayathri Iyer
373,117,Resolved,2026-05-25 23:00:30,Preethi Reddy
374,117,Reopened,2026-05-26 17:00:30,Gayathri Reddy
375,118,Open,2026-05-20 20:49:59,Yuvaraj Sundaram
376,119,Open,2025-09-04 00:59:30,Nandhini Sharma
377,119,In Progress,2025-09-04 14:59:30,Kiran Sundaram
378,119,Resolved,2025-09-04 19:59:30,Gayathri Iyer
379,120,Open,2026-04-26 02:16:43,Santosh Reddy
380,121,Open,2025-12-04 16:48:52,Santosh Reddy
381,121,In Progress,2025-12-05 05:48:52,Preethi Reddy
382,121,Resolved,2025-12-05 23:48:52,Yuvaraj Sharma
383,121,Reopened,2025-12-06 11:48:52,Deepak Reddy
384,122,Open,2025-05-10 11:15:51,Santosh Reddy
385,122,In Progress,2025-05-11 04:15:51,Yuvaraj Sharma
386,122,Resolved,2025-05-11 12:15:51,System
387,123,Open,2025-08-16 21:46:18,Nandhini Sharma
388,123,In Progress,2025-08-17 12:46:18,Gayathri Iyer
389,123,Resolved,2025-08-18 06:46:18,Santosh Reddy
390,124,Open,2026-06-14 21:40:48,Sneha Pillai
391,124,In Progress,2026-06-15 12:40:48,Gayathri Kumar
392,124,Resolved,2026-06-15 17:40:48,Preethi Reddy
393,124,Closed,2026-06-16 00:40:48,Deepak Reddy
394,125,Open,2026-04-27 10:14:18,Gayathri Iyer
395,125,In Progress,2026-04-28 06:14:18,System
396,125,Resolved,2026-04-28 14:14:18,Rahul Sundaram
397,126,Open,2026-05-11 14:24:15,Deepak Reddy
398,126,In Progress,2026-05-12 10:24:15,Gayathri Reddy
399,126,Resolved,2026-05-13 01:24:15,Gayathri Reddy
400,127,Open,2025-08-12 17:50:34,Gayathri Reddy
401,127,In Progress,2025-08-13 06:50:34,Deepak Iyer
402,127,Resolved,2025-08-13 14:50:34,Rahul Sundaram
403,128,Open,2025-08-21 10:38:21,Yuvaraj Sharma
404,128,In Progress,2025-08-22 03:38:21,Nandhini Sharma
405,128,Resolved,2025-08-22 11:38:21,Preethi Sundaram
406,129,Open,2025-06-05 12:40:26,Preethi Sundaram
407,129,In Progress,2025-06-05 20:40:26,Nandhini Sharma
408,129,Resolved,2025-06-06 01:40:26,Sneha Pillai
409,129,Reopened,2025-06-06 15:40:26,Nandhini Sharma
410,130,Open,2025-10-07 04:29:01,Gayathri Reddy
411,130,In Progress,2025-10-07 22:29:01,Kiran Sundaram
412,130,Resolved,2025-10-08 12:29:01,Yuvaraj Sundaram
413,131,Open,2025-08-02 06:41:06,Gayathri Kumar
414,132,Open,2026-08-03 08:00:56,Preethi Sundaram
415,132,In Progress,2026-08-03 22:00:56,Gayathri Iyer
416,132,Resolved,2026-08-04 03:00:56,Nandhini Sharma
417,133,Open,2026-04-18 01:30:42,Kiran Sundaram
418,133,In Progress,2026-04-18 19:30:42,Yuvaraj Sundaram
419,133,Resolved,2026-04-19 03:30:42,Sneha Pillai
420,133,Closed,2026-04-19 13:30:42,Yuvaraj Sharma
421,134,Open,2026-05-04 14:23:36,Gayathri Reddy
422,135,Open,2025-01-27 15:57:35,Gayathri Iyer
423,135,In Progress,2025-01-28 05:57:35,Yuvaraj Sharma
424,135,Resolved,2025-01-28 18:57:35,Sneha Pillai
425,136,Open,2026-08-04 23:03:11,Rahul Sundaram
426,136,In Progress,2026-08-05 10:03:11,Preethi Reddy
427,136,Resolved,2026-08-06 01:03:11,Gayathri Kumar
428,137,Open,2026-02-17 10:48:19,Rahul Sundaram
429,137,In Progress,2026-02-17 12:48:19,Preethi Reddy
430,137,Resolved,2026-02-18 01:48:19,Gayathri Reddy
431,138,Open,2025-08-18 08:50:07,Rahul Sundaram
432,138,In Progress,2025-08-19 03:50:07,Rahul Sundaram
433,138,Resolved,2025-08-19 19:50:07,Rahul Sundaram
434,138,Closed,2025-08-20 06:50:07,Nandhini Sharma
435,139,Open,2025-04-20 08:54:03,Rahul Sundaram
436,139,In Progress,2025-04-20 15:54:03,Deepak Reddy
437,139,Resolved,2025-04-21 07:54:03,Sneha Pillai
438,139,Closed,2025-04-22 03:54:03,Rahul Sundaram
439,140,Open,2026-03-10 10:03:36,Sneha Pillai
440,140,In Progress,2026-03-11 04:03:36,Preethi Sundaram
441,140,Resolved,2026-03-11 14:03:36,Santosh Reddy
442,141,Open,2025-12-20 20:49:33,Gayathri Kumar
443,141,In Progress,2025-12-21 06:49:33,Preethi Reddy
444,141,Resolved,2025-12-21 18:49:33,Yuvaraj Sundaram
445,142,Open,2025-03-26 18:43:03,Deepak Reddy
446,142,In Progress,2025-03-27 10:43:03,Preethi Sundaram
447,142,Resolved,2025-03-27 17:43:03,Gayathri Kumar
448,143,Open,2025-09-13 05:28:48,Gayathri Iyer
449,143,In Progress,2025-09-13 07:28:48,Sneha Pillai
450,143,Resolved,2025-09-13 12:28:48,System
451,143,Closed,2025-09-13 21:28:48,Gayathri Iyer
452,144,Open,2026-06-29 23:01:32,Yuvaraj Sharma
453,144,In Progress,2026-06-30 06:01:32,Preethi Sundaram
454,144,Resolved,2026-06-30 14:01:32,Santosh Reddy
455,145,Open,2025-08-26 04:46:01,Sneha Pillai
456,145,In Progress,2025-08-26 20:46:01,Preethi Sundaram
457,145,Resolved,2025-08-27 05:46:01,Yuvaraj Sundaram
458,145,Reopened,2025-08-27 21:46:01,Deepak Iyer
459,146,Open,2025-10-30 02:53:00,Gayathri Kumar
460,146,In Progress,2025-10-30 08:53:00,Yuvaraj Sharma
461,146,Resolved,2025-10-31 02:53:00,Yuvaraj Sundaram
462,147,Open,2026-04-02 10:49:03,Gayathri Reddy
463,147,In Progress,2026-04-03 03:49:03,Gayathri Reddy
464,147,Resolved,2026-04-03 06:49:03,Gayathri Reddy
465,147,Closed,2026-04-03 07:49:03,Gayathri Iyer
466,148,Open,2026-04-24 09:35:20,Sneha Pillai
467,148,In Progress,2026-04-24 12:35:20,Yuvaraj Sharma
468,148,Resolved,2026-04-24 13:35:20,Rahul Sundaram
469,149,Open,2025-12-13 02:43:53,Deepak Iyer
470,149,In Progress,2025-12-13 14:43:53,Gayathri Reddy
471,149,Resolved,2025-12-14 10:43:53,Yuvaraj Sundaram
472,149,Reopened,2025-12-15 02:43:53,System
473,150,Open,2026-02-27 22:34:45,Gayathri Iyer
474,150,In Progress,2026-02-27 23:34:45,System
475,150,Resolved,2026-02-28 16:34:45,Preethi Reddy
476,150,Closed,2026-03-01 10:34:45,Nandhini Sharma
477,151,Open,2025-04-05 22:13:19,Gayathri Iyer
478,151,In Progress,2025-04-06 04:13:19,Deepak Reddy
479,151,Resolved,2025-04-06 08:13:19,Yuvaraj Sharma
480,151,Closed,2025-04-06 16:13:19,Rahul Sundaram
481,152,Open,2025-01-18 10:07:54,Preethi Reddy
482,153,Open,2025-02-23 18:59:09,Preethi Reddy
483,153,In Progress,2025-02-24 07:59:09,Preethi Reddy
484,153,Resolved,2025-02-24 19:59:09,Santosh Reddy
485,153,Closed,2025-02-25 10:59:09,Sneha Pillai
486,154,Open,2025-09-13 12:47:38,Nandhini Sharma
487,154,In Progress,2025-09-13 15:47:38,Gayathri Reddy
488,154,Resolved,2025-09-13 18:47:38,Santosh Reddy
489,154,Closed,2025-09-14 07:47:38,Santosh Reddy
490,155,Open,2025-04-12 17:13:44,Yuvaraj Sundaram
491,155,In Progress,2025-04-12 19:13:44,System
492,155,Resolved,2025-04-13 01:13:44,Preethi Reddy
493,156,Open,2025-04-14 00:59:25,Gayathri Iyer
494,157,Open,2025-05-16 19:11:04,Deepak Reddy
495,157,In Progress,2025-05-17 12:11:04,Gayathri Reddy
496,157,Resolved,2025-05-17 20:11:04,Rahul Sundaram
497,158,Open,2026-01-06 16:52:05,Yuvaraj Sundaram
498,158,In Progress,2026-01-07 01:52:05,Gayathri Reddy
499,158,Resolved,2026-01-07 04:52:05,Preethi Reddy
500,159,Open,2025-06-22 19:59:12,Gayathri Reddy
501,159,In Progress,2025-06-23 01:59:12,Preethi Sundaram
502,159,Resolved,2025-06-23 02:59:12,Rahul Sundaram
503,159,Closed,2025-06-23 21:59:12,Yuvaraj Sharma
504,160,Open,2026-05-16 05:44:22,Preethi Reddy
505,160,In Progress,2026-05-16 15:44:22,Kiran Sundaram
506,160,Resolved,2026-05-17 10:44:22,Sneha Pillai
507,160,Reopened,2026-05-18 05:44:22,Santosh Reddy
508,161,Open,2026-01-17 13:16:25,Preethi Sundaram
509,161,In Progress,2026-01-18 02:16:25,Yuvaraj Sharma
510,161,Resolved,2026-01-18 05:16:25,Gayathri Kumar
511,161,Closed,2026-01-18 07:16:25,Deepak Reddy
512,162,Open,2025-02-21 14:24:20,Sneha Pillai
513,162,In Progress,2025-02-21 17:24:20,Preethi Sundaram
514,163,Open,2025-10-24 16:34:21,Santosh Reddy
515,163,In Progress,2025-10-25 03:34:21,System
516,163,Resolved,2025-10-25 12:34:21,Deepak Iyer
517,163,Reopened,2025-10-26 04:34:21,Sneha Pillai
518,164,Open,2025-03-19 12:49:13,Santosh Reddy
519,164,In Progress,2025-03-20 02:49:13,Kiran Sundaram
520,164,Resolved,2025-03-20 21:49:13,Santosh Reddy
521,164,Closed,2025-03-21 00:49:13,Nandhini Sharma
522,165,Open,2026-07-15 05:25:47,Preethi Reddy
523,165,In Progress,2026-07-15 08:25:47,Preethi Reddy
524,165,Resolved,2026-07-15 13:25:47,Santosh Reddy
525,165,Closed,2026-07-15 18:25:47,Santosh Reddy
526,166,Open,2025-11-07 03:52:09,Gayathri Kumar
527,166,In Progress,2025-11-07 07:52:09,Preethi Reddy
528,166,Resolved,2025-11-07 08:52:09,Nandhini Sharma
529,167,Open,2025-10-19 08:28:36,Gayathri Kumar
530,167,In Progress,2025-10-19 17:28:36,Deepak Reddy
531,167,Resolved,2025-10-19 22:28:36,Preethi Reddy
532,167,Reopened,2025-10-20 04:28:36,Gayathri Iyer
533,168,Open,2025-03-15 00:56:06,Gayathri Iyer
534,168,In Progress,2025-03-15 04:56:06,System
535,168,Resolved,2025-03-15 07:56:06,Gayathri Kumar
536,169,Open,2025-02-17 08:07:35,Preethi Reddy
537,169,In Progress,2025-02-18 04:07:35,Preethi Sundaram
538,169,Resolved,2025-02-18 17:07:35,System
539,170,Open,2025-10-03 01:32:45,Gayathri Iyer
540,170,In Progress,2025-10-03 14:32:45,Preethi Reddy
541,170,Resolved,2025-10-04 08:32:45,Sneha Pillai
542,170,Closed,2025-10-05 03:32:45,Kiran Sundaram
543,171,Open,2026-04-12 21:27:19,Kiran Sundaram
544,171,In Progress,2026-04-13 02:27:19,Preethi Reddy
545,171,Resolved,2026-04-13 12:27:19,Preethi Reddy
546,172,Open,2025-06-24 20:13:38,Yuvaraj Sharma
547,172,In Progress,2025-06-24 23:13:38,Kiran Sundaram
548,172,Resolved,2025-06-25 13:13:38,Preethi Reddy
549,172,Closed,2025-06-26 03:13:38,Nandhini Sharma
550,173,Open,2026-03-23 13:59:59,Preethi Reddy
551,173,In Progress,2026-03-24 01:59:59,Preethi Reddy
552,174,Open,2026-04-22 21:50:05,Yuvaraj Sundaram
553,174,In Progress,2026-04-23 17:50:05,Rahul Sundaram
554,174,Resolved,2026-04-24 08:50:05,Deepak Reddy
555,175,Open,2025-01-23 16:43:35,Nandhini Sharma
556,175,In Progress,2025-01-23 17:43:35,Santosh Reddy
557,176,Open,2025-01-06 04:49:12,Santosh Reddy
558,176,In Progress,2025-01-06 15:49:12,Deepak Iyer
559,177,Open,2026-07-30 23:39:51,Gayathri Iyer
560,177,In Progress,2026-07-31 19:39:51,Yuvaraj Sharma
561,177,Resolved,2026-08-01 05:39:51,Preethi Sundaram
562,178,Open,2025-11-23 22:14:41,Rahul Sundaram
563,178,In Progress,2025-11-24 14:14:41,Preethi Sundaram
564,178,Resolved,2025-11-24 20:14:41,Santosh Reddy
565,179,Open,2026-04-09 13:25:00,Nandhini Sharma
566,180,Open,2026-06-09 03:41:14,Sneha Pillai
567,181,Open,2025-11-19 03:56:40,Santosh Reddy
568,181,In Progress,2025-11-19 12:56:40,Santosh Reddy
569,181,Resolved,2025-11-20 00:56:40,Deepak Reddy
570,182,Open,2025-08-09 19:05:48,Rahul Sundaram
571,182,In Progress,2025-08-10 14:05:48,Kiran Sundaram
572,182,Resolved,2025-08-11 08:05:48,System
573,183,Open,2025-06-21 21:45:41,Rahul Sundaram
574,183,In Progress,2025-06-22 12:45:41,Nandhini Sharma
575,183,Resolved,2025-06-22 15:45:41,Gayathri Iyer
576,184,Open,2026-08-20 16:25:55,Yuvaraj Sharma
577,184,In Progress,2026-08-21 02:25:55,Sneha Pillai
578,185,Open,2026-08-04 14:21:09,Yuvaraj Sharma
579,185,In Progress,2026-08-05 04:21:09,Santosh Reddy
580,185,Resolved,2026-08-05 07:21:09,Deepak Iyer
581,186,Open,2026-03-11 19:21:43,Yuvaraj Sundaram
582,186,In Progress,2026-03-12 14:21:43,Santosh Reddy
583,186,Resolved,2026-03-13 08:21:43,Gayathri Iyer
584,186,Closed,2026-03-14 02:21:43,Gayathri Reddy
585,187,Open,2025-12-06 07:43:21,Preethi Reddy
586,188,Open,2025-11-11 06:59:20,Sneha Pillai
587,188,In Progress,2025-11-11 18:59:20,Kiran Sundaram
588,188,Resolved,2025-11-12 14:59:20,Gayathri Reddy
589,188,Closed,2025-11-13 09:59:20,Santosh Reddy
590,189,Open,2025-05-14 22:56:53,Gayathri Iyer
591,189,In Progress,2025-05-15 02:56:53,System
592,189,Resolved,2025-05-15 06:56:53,Preethi Reddy
593,189,Closed,2025-05-15 14:56:53,Sneha Pillai
594,190,Open,2025-12-06 19:53:51,Gayathri Kumar
595,190,In Progress,2025-12-07 08:53:51,Deepak Iyer
596,190,Resolved,2025-12-08 03:53:51,Yuvaraj Sharma
597,190,Closed,2025-12-08 15:53:51,System
598,191,Open,2025-11-05 01:37:33,Deepak Reddy
599,191,In Progress,2025-11-05 11:37:33,Gayathri Iyer
600,191,Resolved,2025-11-05 14:37:33,Deepak Reddy
601,191,Closed,2025-11-05 19:37:33,Gayathri Kumar
602,192,Open,2025-03-01 17:48:53,Preethi Sundaram
603,192,In Progress,2025-03-02 08:48:53,Rahul Sundaram
604,192,Resolved,2025-03-03 01:48:53,Yuvaraj Sundaram
605,193,Open,2025-10-01 04:58:24,Yuvaraj Sundaram
606,193,In Progress,2025-10-01 08:58:24,Deepak Iyer
607,193,Resolved,2025-10-01 23:58:24,Preethi Sundaram
608,193,Closed,2025-10-02 02:58:24,Nandhini Sharma
609,194,Open,2025-07-18 21:35:36,Deepak Reddy
610,194,In Progress,2025-07-18 22:35:36,Preethi Sundaram
611,195,Open,2025-12-27 12:42:43,Kiran Sundaram
612,195,In Progress,2025-12-27 20:42:43,Kiran Sundaram
613,195,Resolved,2025-12-28 14:42:43,Kiran Sundaram
614,195,Closed,2025-12-29 01:42:43,Gayathri Iyer
615,196,Open,2026-05-16 01:14:11,Sneha Pillai
616,196,In Progress,2026-05-16 14:14:11,Kiran Sundaram
617,196,Resolved,2026-05-16 20:14:11,Gayathri Iyer
618,197,Open,2025-02-23 13:56:53,System
619,197,In Progress,2025-02-24 09:56:53,Rahul Sundaram
620,197,Resolved,2025-02-25 00:56:53,Gayathri Iyer
621,198,Open,2026-01-30 14:26:42,System
622,199,Open,2025-03-01 21:22:10,Rahul Sundaram
623,199,In Progress,2025-03-02 06:22:10,Preethi Reddy
624,199,Resolved,2025-03-03 01:22:10,Deepak Reddy
625,200,Open,2025-12-27 03:34:13,Kiran Sundaram
626,200,In Progress,2025-12-27 15:34:13,Preethi Sundaram
627,200,Resolved,2025-12-27 22:34:13,Deepak Iyer
